Comparison,DM Statistic,p-value
GARCH vs HAR,4.050381755869876,5.113414333196676e-05
GARCH vs GARCH-SVM,2.7208927201786177,0.006510588658174123
HAR vs GARCH-SVM,-2.55172451210637,0.010719123751499134
