Comparison,DM Statistic,p-value
GARCH vs HAR,13.456677962161892,2.812807158284892e-41
GARCH vs GARCH-SVM,5.174479221717405,2.2854754107724802e-07
HAR vs GARCH-SVM,-8.775727071802953,1.6980319038348565e-18
