Comparison,DM Statistic,p-value
GARCH vs HAR,8.36951475962227,5.785598169994899e-17
GARCH vs GARCH-SVM,6.8063619340095975,1.0009770092928429e-11
GARCH vs MSGARCH,-1.3459198246308113,0.17832837460605222
HAR vs GARCH-SVM,-5.809977138580326,6.248137403213398e-09
HAR vs MSGARCH,-8.62638588668148,6.332111953021958e-18
GARCH-SVM vs MSGARCH,-7.076421828008637,1.4792413392021855e-12
