Comparison,DM Statistic,p-value
GARCH vs HAR,5.574137398966889,2.4875934925369555e-08
GARCH vs GARCH-SVM,6.664342998283769,2.6585192751320275e-11
HAR vs GARCH-SVM,-2.314000491743047,0.020667695166173367
