Comparison,DM Statistic,p-value
GARCH vs HAR,13.456677962161892,2.812807158284892e-41
GARCH vs GARCH-SVM,7.618788615326435,2.560674006386507e-14
HAR vs GARCH-SVM,-7.783780032393372,7.03891000217736e-15
