Comparison,DM Statistic,p-value
GARCH vs HAR,4.050381755869876,5.113414333196676e-05
GARCH vs GARCH-SVM,2.7208927201786177,0.006510588658174123
GARCH vs MSGARCH,-0.8507403070800261,0.3949136273953727
HAR vs GARCH-SVM,-2.55172451210637,0.010719123751499134
HAR vs MSGARCH,-4.122546989909571,3.747061422885456e-05
GARCH-SVM vs MSGARCH,-2.7979882344370988,0.005142198572941034
