Comparison,DM Statistic,p-value
GARCH vs HAR,8.36951475962227,5.785598169994899e-17
GARCH vs GARCH-SVM,8.75561490958419,2.0299369405457125e-18
HAR vs GARCH-SVM,-7.076772575776108,1.4755037974458808e-12
