Comparison,DM Statistic,p-value
GARCH vs HAR,5.574137398966889,2.4875934925369555e-08
GARCH vs GARCH-SVM,7.2586148294825765,3.9107431856229254e-13
HAR vs GARCH-SVM,-1.0142026766129952,0.31048605169858035
