Comparison,DM Statistic,p-value
GARCH vs HAR,5.574137398966889,2.4875934925369555e-08
GARCH vs GARCH-SVM,7.2586148294825765,3.9107431856229254e-13
GARCH vs MSGARCH,-0.35588159416886483,0.721929240330871
HAR vs GARCH-SVM,-1.0142026766129952,0.31048605169858035
HAR vs MSGARCH,-5.725998092294929,1.0282737613258768e-08
GARCH-SVM vs MSGARCH,-7.380170454292585,1.580870064981236e-13
