Comparison,DM Statistic,p-value
GARCH vs HAR,8.36951475962227,5.785598169994899e-17
GARCH vs GARCH-SVM,6.8063619340095975,1.0009770092928429e-11
HAR vs GARCH-SVM,-5.809977138580326,6.248137403213398e-09
