Comparison,DM Statistic,p-value
GARCH vs HAR,4.050381755869876,5.113414333196676e-05
GARCH vs GARCH-SVM,2.601533422691518,0.009280802127842743
HAR vs GARCH-SVM,-2.8206499630683766,0.004792646676499638
