Comparison,DM Statistic,p-value
GARCH vs HAR,13.456677962161892,2.812807158284892e-41
GARCH vs GARCH-SVM,7.618788615326435,2.560674006386507e-14
GARCH vs MSGARCH,-1.2176361710420665,0.22336226262573167
HAR vs GARCH-SVM,-7.783780032393372,7.03891000217736e-15
HAR vs MSGARCH,-13.714327179678996,8.333584377947603e-43
GARCH-SVM vs MSGARCH,-7.845703138446457,4.3053430792409416e-15
