Metric,GARCH,HAR,GARCH-SVM
MAE,0.5850171022968303,0.38439322907118356,0.48773250297390325
RMSE,0.7277100999874734,0.5268988442407428,0.6494141302636313
MAPE,10.148567355684682,6.927009387198391,8.795892947436332
MASE,1.0299898832965264,0.6753061410009085,0.8557848307608046
R-squared,0.19884172457918614,0.5799935017979798,0.36196429072696124
