Metric,GARCH,HAR,GARCH-SVM
MAE,0.8832896703944146,0.38476259517619854,0.5923281035431405
RMSE,1.0184714730823958,0.5303797948978379,0.795584234241284
MAPE,14.930754214834469,6.9799683699066435,10.803316124097408
MASE,1.0312303452132963,0.4703325316315138,0.6903225320914641
R-squared,-0.5393890789722859,0.5825306410668578,0.060659603700537135
