Metric,GARCH,HAR,GARCH-SVM
MAE,0.4646728666053529,0.3911532827652035,0.40570752634603546
RMSE,0.6188268916402427,0.5434289028041317,0.5673768260573873
MAPE,8.34400148382101,7.104228203107354,7.445699646243763
MASE,1.0588435329076027,0.8912603035436406,0.9245540463387123
R-squared,0.42628979132433775,0.5575749711647221,0.5177220472280656
