Metric,GARCH,HAR,GARCH-SVM
MAE,0.49910341188086976,0.38705350219451656,0.3933855770623905
RMSE,0.6529812552997786,0.5306696871231532,0.5428324259537405
MAPE,8.823486367636239,6.967143844050971,7.153618196920256
MASE,0.8687799626062496,0.6658605946490036,0.6829290266622143
R-squared,0.34985807210323616,0.5706066571133925,0.5506980429094979
